{
  "timestamp": "2026-06-10T23:19:12.837544",
  "model_name": "XGBRegressor",
  "model_type": "tuned",
  "target": "salary_usd",
  "baseline_cv": {
    "r2_mean": 0.5832654237747192,
    "r2_std": 0.005919317881986751,
    "r2_scores": [
      0.5804648399353027,
      0.580341100692749,
      0.5866605043411255,
      0.5759286880493164,
      0.5929319858551025
    ],
    "rmse_mean": 38863.96953125,
    "rmse_scores": [
      38417.4296875,
      40204.1796875,
      38132.15234375,
      39008.66796875,
      38557.41796875
    ]
  },
  "tuning_results": {
    "best_params": {
      "n_estimators": 240,
      "learning_rate": 0.017494950649221745,
      "max_depth": 3,
      "min_child_weight": 6.698422467427419,
      "subsample": 0.9009795125382571,
      "colsample_bytree": 0.6286370499255991,
      "reg_alpha": 0.9283478174927375,
      "reg_lambda": 0.3360572934585046,
      "objective": "reg:squarederror",
      "random_state": 42,
      "verbosity": 0,
      "n_jobs": -1
    },
    "best_rmse": 38128.22265625,
    "n_trials": 50
  },
  "train_metrics": {
    "r2": 0.6058298349380493,
    "rmse": 37810.55260109273,
    "mae": 28019.291015625,
    "mape": 0.2614840567111969
  },
  "test_metrics": {
    "r2": 0.6116077899932861,
    "rmse": 37636.94695375809,
    "mae": 27903.103515625,
    "mape": 0.25810256600379944
  }
}