{
  "timestamp": "2026-06-10T23:12:25.918214",
  "model_type": "XGBRegressor",
  "tuned": true,
  "cv_results": {
    "cv_mean": 0.5832654237747192,
    "cv_std": 0.005919317881986751,
    "cv_scores": [
      0.5804648399353027,
      0.580341100692749,
      0.5866605043411255,
      0.5759286880493164,
      0.5929319858551025
    ],
    "cv_rmse_mean": 38863.97034642355,
    "cv_rmse_scores": [
      38417.43104373326,
      40204.17809133772,
      38132.15420088406,
      39008.66939540491,
      38557.419000757815
    ],
    "needs_tuning": "True"
  },
  "eval_results": {
    "train_metrics": {
      "r2": 0.60783851146698,
      "rmse": 37714.08734146963,
      "mae": 27966.939453125,
      "mape": 0.2610875368118286
    },
    "test_metrics": {
      "r2": 0.610409140586853,
      "rmse": 37694.976216997406,
      "mae": 27899.796875,
      "mape": 0.25784066319465637
    }
  },
  "hyperparameters": {
    "learning_rate": 0.0292949989748979,
    "max_depth": 3,
    "min_child_weight": 0.9207696176152349,
    "subsample": 0.5721346254090803,
    "colsample_bytree": 0.9984491632382607,
    "reg_alpha": 0.8604534387859943,
    "reg_lambda": 0.8664416774667456,
    "n_estimators": 135
  },
  "optuna_results": {
    "best_params": {
      "learning_rate": 0.0292949989748979,
      "max_depth": 3,
      "min_child_weight": 0.9207696176152349,
      "subsample": 0.5721346254090803,
      "colsample_bytree": 0.9984491632382607,
      "reg_alpha": 0.8604534387859943,
      "reg_lambda": 0.8664416774667456,
      "n_estimators": 135
    },
    "best_rmse": 38105.298177083336,
    "n_trials": 50
  }
}