{
  "timestamp": "2026-06-11T12:09:23.615953",
  "model_name": "XGBRegressor",
  "model_type": "baseline",
  "target": "salary_usd",
  "baseline_cv": {
    "r2_mean": 0.8845844507217407,
    "r2_std": 0.003863426447185212,
    "r2_scores": [
      0.887065052986145,
      0.8824505805969238,
      0.8882134556770325,
      0.8779678344726562,
      0.887225329875946
    ],
    "rmse_mean": 20452.2296875,
    "rmse_scores": [
      19932.33984375,
      21278.1171875,
      19830.455078125,
      20925.646484375,
      20294.58984375
    ]
  },
  "tuning_results": null,
  "train_metrics": {
    "r2": 0.9160007834434509,
    "rmse": 17454.556310602686,
    "mae": 12954.5068359375,
    "mape": 0.113683320581913
  },
  "test_metrics": {
    "r2": 0.8830567598342896,
    "rmse": 20652.216539635643,
    "mae": 14833.787109375,
    "mape": 0.12563475966453552
  }
}